"","V1","V2","V3","V4","V5","V6"
"A",0.0745823221547882,29.9163341616201,-29.9999201070012,-0.0341659357215355,0.0979187919643202,4.99999999998404
"AAL",0.0746391383823085,29.2656388173984,-29.4293604294575,-0.0347254627135097,0.0450098906586947,4.9999999964354
"AAP",0.0745832544074799,29.9162748006039,-29.9998586265187,-0.0341707819345898,0.097908533821276,4.99999999999028
"AAPL",0.0746387945035065,28.9379165508955,-29.1489163542264,-0.0347238260012918,0.0349241690706017,4.99999999999241
"ABBV",0.0745829775532822,29.794237401128,-29.8777873343711,-0.0341700241130596,0.097940579011486,4.99999995304697
"ABC",0.0745829718144012,29.9163191411886,-29.9999027442315,-0.0341694106101434,0.0979101453908114,4.99999999997748
"ABT",0.0746390147897741,18.3704652614361,-18.7210791877003,-0.0347249720216404,0.0210168775256688,4.99999999998817
"ACN",0.074638782456461,15.3183198681251,-15.6175356086492,-0.0347238440701966,0.0246272650990652,4.99999999999746
"ADBE",0.074638612181826,12.4616317156043,-12.7702289476134,-0.0347228890488945,0.0238794217712533,4.99999999999754
"ADI",0.074638947720367,29.6895585739152,-29.8793353947958,-0.034724480820555,0.0388303383759234,4.99999999988371
"ADM",0.0745827992769745,27.5152384231379,-27.5981429059193,-0.0341684171434575,0.0987147955340957,4.99999994405556
"ADP",0.0746387336680183,21.9606505528232,-22.1862416156296,-0.0347235800363012,0.0326649234878511,4.99999999998232
"ADS",0.0745830115005068,29.9163521005963,-29.9999381037033,-0.0341693938795049,0.0979130095127942,4.99999999996447
"ADSK",0.0746387862960505,28.6506839608469,-28.8157667513374,-0.0347235227257642,0.0446402573961343,4.99999999262328
"AEE",0.0746387094730282,29.2465176471158,-29.4154863403189,-0.0347235885019085,0.0436099887006875,4.99999999972959
"AEP",0.0746387121816839,14.5124721087354,-14.8123832793223,-0.0347235394141816,0.0245699820358194,4.99999999995276
"AES",0.0746392562824165,29.6713460426691,-29.8779193788018,-0.0347260379370529,0.0356723367955832,4.99999999997398
"AET",0.0746388656281497,14.1690259450816,-14.4179820270317,-0.0347241377317843,0.0295997048820529,4.99999999999443
"AFL",0.0746415886542887,29.177874415239,-29.2746359243402,-0.0347048496127528,0.0768149293906367,4.99949063448723
"AGN",0.074639452299931,29.7297409999371,-29.9395432027074,-0.0347269817497375,0.0351233734521673,4.99999999998919
"AIG",0.0746389647954818,29.0591049385877,-29.2674713013393,-0.0347247345204816,0.0353646346543293,4.99999999997379
"AIV",0.0746388484994348,11.8745037736123,-12.1534708734981,-0.0347241717907512,0.0264147463766687,4.99999999998942
"AIZ",0.0745824416174499,29.9164004972761,-29.9999860666911,-0.0341666068115073,0.0979166752657556,4.99999999998276
"AJG",0.0746387180043814,28.0465669094717,-28.2573074557218,-0.0347235667053363,0.0349661969802778,4.9999999999928
"AKAM",0.0745835276455385,29.9162694042644,-29.9998574033554,-0.0341717924012057,0.0979117226087279,4.99999999996391
"ALB",0.0746386925910719,21.6444698818298,-21.9002866176147,-0.0347230814101901,0.0288078028045475,4.99999999999937
"ALGN",0.0746385030011687,15.2814789692713,-15.6233358226543,-0.0347221221562252,0.0215575689077371,4.99999999998069
"ALK",0.0746391244964777,29.6644014967111,-29.8682589963496,-0.0347253600742995,0.0361480838487985,4.99999999999052
"ALL",0.0746385676346417,6.63747454225377,-6.87252463444465,-0.0347228254079959,0.0313501882966868,4.99999999998921
"ALLE",0.0746388148786761,29.2338231940845,-29.4410305398471,-0.0347239652909091,0.0355630126540232,4.99999999999306
"ALXN",0.0746398335793087,29.5357742576949,-29.7186086653132,-0.0347285915067454,0.0403059075192927,4.99999999988136
"AMAT",0.0746385485163785,13.2412444452709,-13.596520476693,-0.0347224050934719,0.0207429216502104,4.9999999999977
"AMD",0.074640326372658,28.9063805059488,-29.146188966819,-0.0347294265713701,0.030742133400857,4.99999999996878
"AME",0.0746390362585573,29.3391417784303,-29.5009960011892,-0.0347249103797889,0.0455278585898279,4.99999999631015
"AMG",0.0746393544716985,27.1234965847526,-27.2728989137661,-0.0347268345676712,0.0493189979857843,4.99999998632541
"AMGN",0.0746390655160911,27.8959646129998,-28.1146255431093,-0.0347251665656173,0.0337000899528585,4.99999999999598
"AMP",0.0745827006372247,29.9163564791269,-29.9999433458742,-0.0341677706858228,0.0979165006949331,4.99999999997587
"AMZN",0.0746387024851917,23.7103834820824,-23.962483503735,-0.0347232385113495,0.029231585737866,4.99999999999995
"ANDV",0.0745831209847398,29.9163181185541,-29.9999054839898,-0.034169826197112,0.097913940728959,4.99999999996831
"ANSS",0.074638769193668,29.734791996588,-29.9208510174096,-0.0347237405943949,0.0396051843089345,4.99999999983412
"ANTM",0.0745824974708557,29.916214289242,-29.9997998084533,-0.0341668692697961,0.0979166345026009,4.99999999997419
"AON",0.0745822755899712,29.9163831808315,-29.999967214844,-0.0341659088555101,0.0979162687808239,4.99999999999182
"AOS",0.0746387030751321,17.6966188766109,-17.9257167083635,-0.0347233417291191,0.0321656815260431,4.99999999995596
"APA",0.074583561130622,29.9163215458356,-29.9999142917543,-0.034171536410564,0.0979172972889834,4.99999999998124
"APC",0.0746401639562988,11.1301777245603,-11.3713572990418,-0.03473013033143,0.03055561368821,4.99999999998462
"APD",0.074638926472051,5.49446342776144,-5.91600426022304,-0.0347245794919806,0.0174804661978638,4.99999999999625
"APH",0.0746386592871059,17.3713553904213,-17.706553376809,-0.0347232568692469,0.0219836853209174,4.99999999999051
"ARE",0.0745823858763737,29.9162908710559,-29.9998754037119,-0.0341663931431092,0.0979162471079014,4.99999999999327
"ARNC",0.0745835656704357,29.9161013249154,-29.9996963789605,-0.034171335532324,0.097920914628894,4.99999999999506
"ATVI",0.0746397799901863,25.9372427668096,-26.0715373182347,-0.0347272966624598,0.054874881929746,4.99999921941539
"AVB",0.0746388467603934,28.9940610440799,-29.1724990953036,-0.0347241933778922,0.0412958428137996,4.99999999896675
"AVGO",0.0746497812265011,28.7097362801717,-28.8151660300652,-0.0347715918105962,0.0699334700393062,4.99996402018942
"AVY",0.0746363725180787,28.7541050250392,-28.8766507007575,-0.0347136641870528,0.0601044089468809,4.99999034992464
"AWK",0.0745822233610286,29.916289456052,-29.9998742958298,-0.0341655709097256,0.0979175682726526,4.99999999996714
"AXP",0.0746389290888481,28.8684618824396,-29.0813145768257,-0.0347245578954916,0.0346193595908272,4.99999999998365
"AYI",0.0745830666650479,29.9162747864655,-29.9998621166078,-0.0341695294059072,0.0979144797395725,4.99999999999211
"AZO",0.0746393733467639,29.3625560421703,-29.5109225465462,-0.0347272768095792,0.0496602303050475,4.99999998489386
"BA",0.0746386509256905,13.5391982006739,-13.7937533239352,-0.0347230838117229,0.0289488901230049,4.9999999999853
"BAC",0.074582576877655,29.9163566224608,-29.9999443399423,-0.0341670650242738,0.0979187473547679,4.99999999998515
"BAX",0.0746386574864491,25.183231231469,-25.4042557755466,-0.0347232003999115,0.0333399549754724,4.99999999999598
"BBT",0.0745825215392041,29.9163561891494,-29.9999410552177,-0.0341670549327291,0.0979151152833183,4.99999999999571
"BBY",0.074639115911979,26.2855843981038,-26.6686311058235,-0.0347249862597331,0.0192396540730196,4.99999999997664
"BCR",0.0746386780480111,28.9688265420283,-29.1815254572245,-0.0347232527034187,0.03464546579382,4.99999999999515
"BDX",0.074638674707337,27.533088189015,-27.7499190233212,-0.0347233309492391,0.0339843209002463,4.99999999997668
"BEN",0.074639196635352,28.6141546112856,-28.778114650096,-0.0347258337113503,0.0449436066172058,4.99999999561285
"BF.B",0.0746390195160002,10.668264103725,-10.9233025911997,-0.0347250563298051,0.0288925156122662,4.99999999998497
"BHF",0.0746431022239014,27.8760300976517,-28.3155894752752,-0.0347453819133815,0.0167598775819704,4.99999999997501
"BHGE",0.0746479910211171,28.1668791201735,-28.2698736867897,-0.0347676360278824,0.0717356557040642,4.99990496351352
"BIIB",0.0746393769972049,18.6398101127765,-18.8709493162598,-0.034726542717419,0.0318817019788038,4.99999999998983
"BK",0.0746315613780174,26.6865688349751,-26.7863255211454,-0.0346994469096663,0.0739953616240642,4.99980380798519
"BLK",0.0746388184870038,26.969296714809,-27.3900555658999,-0.0347239595461938,0.0175135490427626,4.99999999996009
"BLL",0.0745825450458295,29.9163225586722,-29.9999070613844,-0.0341672073600266,0.0979145238051227,4.99999999997763
"BMY",0.0746395634890935,20.2437068159113,-20.3323149413307,-0.0347175084633144,0.0834034434782389,4.99942057103767
"BRK.B",0.0746386975658869,29.6903791994418,-29.8893577225745,-0.0347234814252187,0.0370330666306298,4.99999999998383
"BSX",0.0746387290643239,29.2222420774992,-29.402462098315,-0.0347234764608794,0.0408891951617894,4.99999999957642
"BWA",0.0746393276345846,29.4785596115782,-29.6576215505649,-0.0347262877399738,0.0411544297380023,4.99999999989121
"BXP",0.074638921408636,19.482399160805,-19.7097936953875,-0.034724550590069,0.0324052394253569,4.99999999999629
"C",0.0746390402764245,29.6504287964459,-29.8382395673657,-0.0347249531811412,0.0392366081955489,4.99999999994114
"CA",0.0746379205921985,26.2775247855925,-26.3842328335778,-0.034716043949027,0.0689844866702575,4.99994552940741
"CAG",0.074639241715003,15.6740013751779,-15.9176564341583,-0.0347259946001736,0.0302431602190207,4.99999999996763
"CAH",0.0745829036949248,29.9159527669796,-29.9995361750414,-0.0341690745198146,0.0979108009240537,4.99999999998914
"CAT",0.0746388471319703,29.056299978929,-29.2647288355057,-0.0347240243061388,0.0353556296233646,4.99999999996726
"CB",0.0745791471758851,28.7512041827319,-28.8343580877065,-0.0341544189004878,0.0984205889327623,4.99998818701425
"CBG",0.0746392884466019,27.7811073690091,-27.9431560032929,-0.0347260194501488,0.0454749357662412,4.99999999416298
"CBOE",0.0746386008932308,16.4117151064856,-16.6644360521432,-0.0347229176842245,0.0291584628530362,4.99999999998545
"CBS",0.0746388315176293,8.27598263781585,-8.5418469788702,-0.0347239969498346,0.0277171510378903,4.99999999998425
"CCI",0.074638781206243,24.8043771886717,-25.0358828379772,-0.0347238617616249,0.0318299124338609,4.99999999999344
"CCL",0.0746388503037148,27.4744963205103,-27.600712438595,-0.0347249943536001,0.0583885711543404,4.99999856963795
"CELG",0.0746392552201282,29.6173655528969,-29.8192712620511,-0.0347259664694831,0.0364977398282595,4.99999999999632
"CERN",0.0746390738721396,28.9657267845572,-29.1269568761059,-0.034725221766496,0.0457028758784598,4.99999999507735
"CF",0.0745840435599226,29.9162244484736,-29.9998152752021,-0.0341741193311014,0.0979110477510973,4.99999999999466
"CFG",0.0746390194572201,7.51209819251129,-7.80580107343857,-0.0347248024630621,0.0250906298898104,4.99999999999027
"CHD",0.0746388012340741,29.5665125348248,-29.7652305287617,-0.0347239929432354,0.037081422273399,4.99999999997959
"CHK",0.0746433245677024,29.2736809260941,-29.3702731176133,-0.034745396213536,0.0763897577309912,4.99969845503204
"CHRW",0.0745826153869849,29.9163733057145,-29.9999560507739,-0.0341677186111679,0.0979118748256168,4.99999999997422
"CHTR",0.0746383994302421,23.3371067417823,-23.7831035523802,-0.0347217550890254,0.0165233320969409,4.9999999999746
"CI",0.0746388830832348,29.2053481787432,-29.4202950926002,-0.0347242598530177,0.0342827702386196,4.99999999993893
"CINF",0.0746386416588073,19.6018417376959,-19.9119422669763,-0.0347231579349482,0.0237628980413247,4.99999999998115
"CL",0.0746388502610825,18.6107105243473,-18.8489472455815,-0.034724232436026,0.0309302791610929,4.99999999999722
"CLX",0.0745824160623561,29.9162597751605,-29.999842590631,-0.0341666922914118,0.0979136655455379,4.99999999999684
"CMA",0.0746388683604591,29.2933266423324,-29.4617130594345,-0.0347240631001763,0.0437635277461519,4.99999999865002
"CMCSA",0.0746386731969944,28.837404169584,-29.0548953266285,-0.0347233246486203,0.0338812460004563,4.99999999998552
"CME",0.0746387886066197,5.12250227012796,-5.45863993296307,-0.0347238389501232,0.0219223011281596,4.99999999997583
"CMG",0.0745835883059454,29.9164082801866,-29.9999912204626,-0.0341725323952377,0.0979044866091381,4.99999999999603
"CMI",0.0746389500242658,26.5037796502808,-26.7148337020398,-0.0347245497906147,0.0349154292726984,4.99999999999678
"CMS",0.0746386474937367,11.1880667383619,-11.4318837454972,-0.0347232127162724,0.0302227858986719,4.99999999997826
"CNC",0.0746393009785497,29.0960352297307,-29.282472372688,-0.0347259882010076,0.0395277452768975,4.99999999980503
"CNP",0.0745822897131426,29.6359053259635,-29.7194119941682,-0.0341661863733664,0.0980094703772809,4.99999996727951
"COF",0.0745827423336825,29.916188594394,-29.9997739769462,-0.0341681126726772,0.0979143385867233,4.99999999999972
"COG",0.0746397466935909,29.3858203809163,-29.5749520056461,-0.0347280615550553,0.038965181582793,4.99999999996925
"COH",0.0746388819879481,26.9391524162632,-27.1537426722529,-0.0347241248741851,0.0343409073235702,4.99999999998695
"COL",0.0745823277078532,29.9163811948117,-29.9999667125218,-0.0341660417813357,0.097917654108676,4.99999999998148
"COO",0.0746393859314716,29.3177609565787,-29.454097187949,-0.0347272541226976,0.0540422578253099,4.99999944176425
"COP",0.0746396023139856,16.321172321573,-16.5915640886255,-0.0347275040381683,0.0272542727414234,4.99999999997437
"COST",0.0745825204943857,29.9163582415382,-29.9999414099483,-0.0341672014674428,0.0979132898385103,4.99999999998943
"COTY",0.0745833250420825,29.916364205979,-29.9999502691683,-0.0341709504632363,0.0979103624172171,4.99999999999845
"CPB",0.0746388778539838,29.4575734309471,-29.6619147875082,-0.0347243553695899,0.0360610964693364,4.99999999997345
"CRM",0.0746390131562625,10.3833720820937,-10.6396427342636,-0.0347247920762982,0.0287552557401163,4.99999999998945
"CSCO",0.0746388787490452,6.63664757586963,-6.93467956037366,-0.0347243212896047,0.0247249636061224,4.99999999999032
"CSRA",0.0746393948759007,24.7226623241751,-24.8595335931338,-0.0347275356858633,0.053828318302684,4.99999928114446
"CSX",0.074638910338672,2.13933558909413,-2.39451612625861,-0.0347241846372616,0.0288790591084367,4.99999999999349
"CTAS",0.0745822946694377,29.9163887406368,-29.9999738986324,-0.0341658838498669,0.0979180435679847,4.99999999995978
"CTL",0.074639417810922,19.0709077946805,-19.4183722309233,-0.0347268152221619,0.0212078216143823,4.99999999998948
"CTSH",0.0745827308190276,29.9162977644112,-29.9998831754836,-0.034168035491161,0.097914562971628,4.99999999998875
"CTXS",0.0746394489615796,22.7675786077508,-23.0724586366336,-0.0347266274614171,0.0241721466651517,4.99999999997904
"CVS",0.0745828736846207,29.9162617672822,-29.9998436565642,-0.0341690786544466,0.0979087014412461,4.99999999998651
"CVX",0.0745825068337369,29.9163119302439,-29.9998975416053,-0.0341669210051741,0.0979164471952296,4.99999999995854
"CXO",0.0746396024695194,14.9498754260236,-15.1981619890605,-0.03472740248335,0.0296814546350613,4.99999999999104
"D",0.0746388288842461,11.7938362611948,-12.0280792610615,-0.0347241475754523,0.0314575395513405,4.99999999999988
"DAL",0.0746391634805434,29.4873178713492,-29.6707387193081,-0.0347255377999522,0.040175664807597,4.99999999995408
"DD",0.0746387449537449,21.3942700160231,-21.6192696863755,-0.0347235439425172,0.0327515345997036,4.99999999999619
"DE",0.0746388633317604,10.3343174354834,-10.5776834581417,-0.0347241094612313,0.0302797702845026,4.99999999998002
"DFS",0.0746389376321546,29.7576564634896,-29.9528698753006,-0.034724587850584,0.0377476969466303,4.99999999994968
"DG",0.0746391479197015,21.8743822586863,-22.1873173483466,-0.0347255211740333,0.0235479483156497,4.99999999999172
"DGX",0.0745822838752019,29.9164095216177,-29.9999946364491,-0.0341658403701308,0.0979176331737084,4.99999999999208
"DHI",0.0746389976133407,25.816883703535,-26.0804691691487,-0.034724755889757,0.02795704445616,4.99999999999238
"DHR",0.0746390338485609,9.56229694766034,-9.83897858409183,-0.0347250842933673,0.026632656423016,4.99999999998735
"DIS",0.0745825930439406,29.9163727920042,-29.9999549476799,-0.0341676492771656,0.0979114453085719,4.99999999999896
"DISCA",0.0745829654065036,29.8814283674914,-29.9650047807677,-0.0341692583814759,0.0979227886607174,4.99999998617905
"DISCK",0.0745829706032204,29.9140260493175,-29.9976095885622,-0.0341693531703071,0.0979112280608168,4.99999999987356
"DISH",0.0746392699268703,13.1385905115504,-13.4407555255113,-0.0347260928211806,0.0243873279087213,4.99999999999572
"DLPH",0.074639134411106,17.8756172839064,-18.2621951875154,-0.0347253340912699,0.0190626963801892,4.99999999998849
"DLR",0.0745822115544718,29.9163108768338,-29.9998974445449,-0.034165348621096,0.0979204442309788,4.99999999998503
"DLTR",0.0746392120686002,14.4232615091511,-14.6836873799453,-0.0347258116791827,0.0282958999985708,4.9999999999915
"DOV",0.0746397773450078,28.7235099232523,-28.8571465242551,-0.0347274790890121,0.0551416130296336,4.99999845481959
"DOW",0.0745824638419973,29.9163871760468,-29.9999732331612,-0.0341666521834274,0.097917540633641,4.99999999996896
"DPS",0.0746388090183082,28.6240529024537,-28.8376748117749,-0.0347240243473222,0.0344943693244076,4.9999999999902
"DRE",0.0746092041219219,23.768127154143,-23.8494741315612,-0.0343273661067903,0.0988457483553662,4.99989563301893
"DRI",0.0746392594542226,25.7296230350459,-25.857219710824,-0.0347283166557713,0.0577318025783948,4.99999919713762
"DTE",0.0745823145998711,29.9161467350546,-29.9997303210576,-0.0341661117447028,0.0979156556342457,4.99999999999175
"DUK",0.0746387747399074,13.3690911780221,-13.6600300024414,-0.0347238507729944,0.0253275209260324,4.99999999999934
"DVA",0.074639217548824,11.0206471796735,-11.2650603897739,-0.0347260283211404,0.0301482196092731,4.99999999999415
"DVN",0.0745985393278907,22.6417644774282,-22.7233695227517,-0.0342103399942836,0.100538084331669,4.99992118274342
"DXC",0.0746383505033296,29.71498786616,-29.9033729810266,-0.0347215056088773,0.039118709841618,4.99999999998047
"EA",0.0745824962244701,29.9163117537817,-29.9999002490978,-0.0341666186958083,0.0979201972089533,4.99999999998099
"EBAY",0.0745826236115085,29.9163570965076,-29.9999439750498,-0.0341673786172292,0.0979172243394888,4.99999999999419
"ECL",0.0746388106903775,28.8156592253448,-28.9950564985426,-0.0347240472873565,0.0410750139752229,4.99999999950391
"ED",0.0746387090866652,20.0825565909248,-20.4888188685118,-0.0347235207640385,0.0181380583004023,4.99999999998694
"EFX",0.0745823484069903,29.9163364853212,-29.9999215560507,-0.0341661599884527,0.0979168451054616,4.99999999998981
"EIX",0.0746387688563073,29.7191269159552,-29.8895800892883,-0.0347237849497692,0.043230432036652,4.99999999949106
"EL",0.0745824973160998,29.9164088416617,-29.999992806783,-0.0341670148526338,0.0979142009564,4.99999999999472
"EMN",0.0746389849763395,16.3094136022551,-16.6834433790745,-0.0347247869088313,0.019701417540289,4.9999999999885
"EMR",0.0745824947970155,29.9163318743271,-29.9999165993463,-0.0341669367470623,0.097915408892907,4.99999999998729
"EOG",0.0746392508256046,13.5870436540286,-13.857091887318,-0.03472585894157,0.0272886549902539,4.9999999999886
"EQIX",0.0745822974778439,29.9161316670317,-29.9997180677009,-0.0341657949502173,0.0979192118273099,4.99999999999028
"EQR",0.074639028305538,6.4079100893493,-6.71544837230284,-0.034725107653317,0.0239602600035801,4.99999999999577
"EQT",0.0745832347211772,29.9162883638,-29.9998757793044,-0.0341703748216862,0.0979130884007425,4.99999999995813
"ES",0.0746387371063275,24.1371262095919,-24.3592008002876,-0.0347236555238216,0.0331817122143455,4.99999999998818
"ESRX",0.0745829832540246,29.9163065866645,-29.9998887223585,-0.0341695857099752,0.0979083243357425,4.99999999998764
"ESS",0.0746388223896477,11.2970845308759,-11.6777864848176,-0.0347240537316326,0.0193558945106818,4.99999999997144
"ETFC",0.0746390227564345,19.042217175606,-19.272377759498,-0.0347247272355881,0.0320183056833761,4.99999999999593
"ETN",0.0745825364838014,21.0740290309982,-21.1547612861636,-0.0341673115459252,0.101372875348142,4.99999996349956
"ETR",0.0746388383584618,29.6086266108868,-29.811313083081,-0.0347241638241777,0.0363553784534597,4.99999999998353
"EVHC",0.0746397047387205,29.5372480392915,-29.7479029896617,-0.0347283903201821,0.0349792758464823,4.99999999999693
"EW",0.07463609425133,27.4753939573394,-27.599900946107,-0.0347107326341944,0.0591612318276033,4.99999929897869
"EXC",0.0745824437397077,29.0703190258411,-29.1536658453011,-0.0341673028819427,0.0981868147675818,4.99999998134649
"EXPD",0.0745824617202265,29.9162883556025,-29.9998716307015,-0.0341668970081159,0.097913873441035,4.99999999998778
"EXPE",0.0746390246646398,29.0376983928371,-29.218101126957,-0.0347248984476915,0.0408477870521791,4.9999999996046
"EXR",0.0745826903887938,29.9163238927971,-29.9999080339504,-0.0341679541356429,0.0979132329027112,4.99999999997498
"F",0.0746392674574749,26.3567270162467,-26.5854615166234,-0.0347262106608282,0.0322152592167037,4.99999999997567
"FAST",0.0746390205653713,9.97792909691148,-10.2187511353615,-0.0347249528694939,0.0305989908629636,4.99999999998487
"FB",0.0746386723112569,29.4741272904154,-29.6757777235026,-0.0347231354576936,0.0365444214755942,4.99999999997683
"FBHS",0.0746388142740283,29.4406095825486,-29.6311934847781,-0.0347239548252797,0.0386650051152675,4.99999999995188
"FCX",0.0745849241055469,29.9162785183025,-29.9998933188965,-0.0341763700285466,0.0979357276152082,4.99999999999151
"FDX",0.0745824959366652,29.9163272221416,-29.9999121756612,-0.0341669218769624,0.097915760270572,4.99999999998802
"FE",0.0745827072343275,29.9162414002773,-29.9998246658971,-0.0341681236515082,0.0979118321302161,4.99999999997677
"FFIV",0.074582877631682,29.9163786919144,-29.9999633049975,-0.0341688607929755,0.0979122719663898,4.999999999995
"FIS",0.074582435400763,29.9162190941555,-29.9998038496164,-0.0341666341369551,0.0979158607435873,4.99999999998834
"FISV",0.0763487660758086,-0.0157737972726979,0.033756666792339,-0.0555403669504982,2.49999999999937,4.99999999994548
"FITB",0.0746389933476402,13.8416475938434,-14.0785642637039,-0.0347246858947316,0.0311044428306602,4.99999999998973
"FL",0.0746394754091928,28.7584081955436,-28.9763328584493,-0.0347271267251172,0.0338138837269884,4.99999999999855
"FLIR",0.0746389135348671,29.417671375675,-29.606444016801,-0.0347243794814725,0.0390362088346042,4.99999999976971
"FLR",0.0746393833567673,29.7105734200164,-29.9056453329011,-0.0347266377358139,0.0377756427609973,4.99999999994033
"FLS",0.0746393846202513,29.7543636849621,-29.9510873254722,-0.0347266371192943,0.0374585265852869,4.99999999998545
"FMC",0.0746389271109505,29.136239705702,-29.3464341693545,-0.0347242126616246,0.0350602679315719,4.9999999999846
"FOX",0.0746390568914038,16.4421358275511,-16.6810661354762,-0.034725182988706,0.0308408824935292,4.99999999999693
"FOXA",0.0746390824095766,4.31389686753147,-4.61882467277149,-0.0347252779874108,0.024165820775766,4.99999999999416
"FRT",0.0746389170357942,29.5654316705658,-29.7707187614685,-0.0347245638236649,0.0358945905576952,4.99999999998915
"FTI",0.0745835266725695,29.9162652633791,-29.9998452664479,-0.0341724937062607,0.0979010895452516,4.99999999998793
"FTV",0.0745820638238089,29.9163510693372,-29.9999384563012,-0.0341645402223769,0.0979223418903252,4.9999999999984
"GD",0.0746386913321149,19.0801274534469,-19.3283689355623,-0.0347234038221073,0.0296842234145114,4.99999999999741
"GE",0.0745825893581747,29.9160161081176,-29.9995985367239,-0.0341675924471436,0.0979121805168076,4.99999999997346
"GGP",0.0745829156156914,29.9163294617796,-29.9999126105611,-0.0341691754706401,0.0979100711430891,4.99999999999847
"GILD",0.0746394198502951,2.86344596390607,-3.16729739963214,-0.0347269465617171,0.0242510434668358,4.99999999997679
"GIS",0.0746389956548928,29.6066623576337,-29.7701485135552,-0.0347249052513816,0.0450711728655868,4.99999999052339
"GLW",0.0746383617560748,29.2768378868925,-29.4230401307265,-0.0347230978055035,0.0503966590272577,4.99999965837032
"GM",0.0746389736938134,15.5276228605507,-15.8170635293725,-0.0347246955566629,0.0254593629538208,4.9999999999975
"GOOG",0.0746387417317198,18.3623451551429,-18.5910082220529,-0.0347235932033981,0.0322262300528219,4.99999999999924
"GOOGL",0.0745823859877015,29.9163044267786,-29.9998892566566,-0.0341663671987041,0.0979166911248949,4.99999999999715
"GPC",0.0746389954611152,28.6169106515467,-28.7638616702209,-0.0347252130189967,0.0501390002304349,4.99999997851227
"GPN",0.0745824204636473,29.9163707014889,-29.9999590178256,-0.0341662563034014,0.0979208119115956,4.99999999999888
"GPS",0.0745835059552587,29.9163372507108,-29.9999258672739,-0.0341716028694978,0.0979127640625996,4.99999999995331
"GRMN",0.0746155279362325,26.1952823310963,-26.2776910947506,-0.034595296531262,0.0930952143418823,4.9970546827965
"GS",0.0746389936420023,18.7562634341136,-19.0262814789353,-0.0347247838222366,0.0272906673637429,4.99999999996914
"GT",0.0745828693007521,29.9163714480912,-29.9999575916595,-0.0341686669723019,0.0979144191197005,4.99999999999267
"GWW",0.0745829520022669,29.9162703500761,-29.9998527837085,-0.0341694110196646,0.0979087536833757,4.9999999999954
"HAL",0.0746392001339249,29.1060773753996,-29.2631609008957,-0.0347258175339106,0.0469096178995924,4.99999999035082
"HAS",0.074638951464658,23.4479805946598,-23.6858872369187,-0.0347245484640144,0.0309744751599891,4.99999999998884
"HBAN",0.0745827331100947,29.9162345001895,-29.9998210655695,-0.0341679657044954,0.0979160341037851,4.99999999999915
"HBI",0.0746394702115544,26.0067857714262,-26.3061237423625,-0.034726973703809,0.024618077983436,4.99999999999045
"HCA",0.0746392167638511,26.9742491461596,-27.3527805299097,-0.0347258939147604,0.0194670515448913,4.99999999996085
"HCN",0.0745826369107957,29.9164022184022,-29.9999864865738,-0.0341676844133256,0.0979134243020616,4.99999999998451
"HCP",0.0746393399766686,29.3505531113736,-29.5411111499123,-0.0347264815232325,0.0386698846667513,4.99999999998703
"HD",0.0745823461424742,29.9162529245227,-29.999836972505,-0.0341662398209713,0.0979157221887071,4.99999999999636
"HES",0.0746403383153985,29.2481435979901,-29.3822127256373,-0.0347293232279745,0.0549585972936532,4.99999815916347
"HIG",0.0746388558987688,17.2325411166762,-17.467756906711,-0.0347241719034088,0.0313282170583036,4.99999999997217
"HLT",0.0746428630411449,11.8684637141697,-12.1221007761102,-0.0347420252809892,0.0290620748151305,4.99999999996805
"HOG",0.074583112076808,29.9163607637139,-29.9999467218487,-0.0341699011678759,0.097912069373455,4.9999999999826
"HOLX",0.0746391323791649,29.4148123299959,-29.6128579944066,-0.0347255118518048,0.0372078728258797,4.99999999993686
"HON",0.0746385458041651,29.5817289476817,-29.7527291509283,-0.0347227061731463,0.0430914644966016,4.99999999946
"HP",0.074639871946218,24.5405505589396,-24.7664750820551,-0.0347287265068609,0.0326189310008086,4.99999999997376
"HPE",0.0746393920707253,29.4760083940816,-29.6429731106029,-0.0347263511998405,0.0441382338395212,4.99999999891103
"HPQ",0.0746408378139526,19.3053274807311,-19.5995514458712,-0.0347324144857596,0.0250529848518947,4.99999999997712
"HRB",0.0745830572275378,29.9163326465763,-29.9999194149973,-0.0341695477496454,0.0979136878050569,4.99999999999648
"HRL",0.0745825703055958,29.9161881142436,-29.9997725350318,-0.0341673320460179,0.0979143325530684,4.99999999997412
"HRS",0.0746386910441043,24.8978391596219,-25.1213241831697,-0.0347233695410479,0.0329728838555148,4.99999999997775
"HSIC",0.0746378424398145,29.4028330931665,-29.5378792792085,-0.0347206628806885,0.0545543653060369,4.99999905288531
"HST",0.0745828627987616,29.9162675037121,-29.9998528735008,-0.0341687081619459,0.0979134372881425,4.9999999999834
"HSY",0.0746389050980076,29.5975962700992,-29.7833509942357,-0.0347244382429968,0.0396697842044849,4.9999999999356
"HUM",0.0745824624231195,29.916388506426,-29.9999747533907,-0.0341666454202404,0.0979174322889536,4.99999999999904
"IBM",0.0746389817993503,21.3830042678415,-21.749494073757,-0.034724872616865,0.0201061711350526,4.99999999997794
"ICE",0.0746387426011114,29.6648230171885,-29.8683356932092,-0.0347235907715914,0.0362088908574981,4.99999999996228
"IDXX",0.07458224649016,29.9162343699554,-29.9998232303115,-0.0341653187157206,0.0979226799516639,4.99999999998795
"IFF",0.0746388461726681,29.5851426299449,-29.7788635798336,-0.0347241110081904,0.0380387342678606,4.99999999994266
"ILMN",0.074639854615808,29.6784049909652,-29.8334103812282,-0.0347286973879016,0.047542754919824,4.99999994983628
"INCY",0.0745835377330099,29.9163352209112,-29.9999322092816,-0.0341710444256564,0.097922938514278,4.99999999999569
"INFO",0.0746386335239625,21.8164857749906,-22.0725085640606,-0.0347230543857341,0.0287826046068828,4.99999999999896
"INTC",0.0745824472270856,29.9163511375103,-29.9999356763187,-0.0341667095808458,0.0979154961899784,4.99999999999197
"INTU",0.0746383899578578,28.6205405928411,-28.764522878439,-0.0347222907419731,0.0511746133189982,4.99999957756131
"IP",0.0746389749917277,13.3770328520406,-13.6022309085287,-0.034724707817186,0.032722130319606,4.99999999999949
"IPG",0.0745826806579629,29.916322894063,-29.9999068004518,-0.0341679225952827,0.0979129805006122,4.99999999998969
"IR",0.0746387478973378,26.5652404119634,-26.7833658974412,-0.0347236072066065,0.0337831890195249,4.99999999999927
"IRM",0.0746388477854701,20.2535471086084,-20.4943206324516,-0.0347240764911076,0.0306054691663862,4.99999999999825
"ISRG",0.0746385402333661,29.5326036036631,-29.7191409312404,-0.034722592357742,0.0395042588208649,4.99999999982031
"IT",0.0746387925700164,28.5854881715813,-28.801759195029,-0.0347238618869115,0.0340726624122235,4.99999999995899
"ITW",0.0746385809864997,7.974412261098,-8.2434508305905,-0.0347228366109613,0.027389848808149,4.99999999999905
"IVZ",0.0746392697179481,29.3889911831984,-29.5714503113755,-0.0347261051340774,0.0403870470146899,4.99999999984584
"JBHT",0.0746388550978152,20.3336025440637,-20.663437656554,-0.0347242073690796,0.0223410194158628,4.99999999998242
"JCI",0.0746390124384145,28.8187279835152,-28.9920190529394,-0.0347249643296921,0.0425227095475499,4.99999999954693
"JEC",0.0745828073949202,29.9163323087073,-29.9999180181379,-0.0341683954032187,0.0979142593146193,4.99999999998479
"JNJ",0.0745937905525582,18.0968644397189,-18.1763850464857,-0.0342057706420673,0.102984463628492,4.99981546654927
"JNPR",0.0746391732182349,29.7816136003408,-29.9724468407356,-0.0347256071684908,0.0386150888174469,4.99999999992328
"JPM",0.0746387880755541,19.5895797326157,-20.1163418177593,-0.0347237917272177,0.0139892637793352,4.99999999996239
"JWN",0.074583532820683,29.9163329267074,-29.9999203201046,-0.0341718706674589,0.0979107675960394,4.99999999999874
"K",0.0745825477714633,29.9163178673941,-29.9999003404245,-0.0341673853825244,0.0979123098458753,4.99999999997584
"KEY",0.0746390389525582,29.637698057864,-29.8047449792715,-0.034725011765865,0.0441135299075302,4.99999999192649
"KHC",0.0745825519091109,29.9161462336339,-29.9997302591359,-0.0341672508050608,0.0979143495256365,4.99999999995799
"KIM",0.0745828533664415,29.9162849961357,-29.9998679566538,-0.0341688678680579,0.0979103882485593,4.99999999999603
"KLAC",0.0746387429707649,25.1992181974096,-25.4779216660331,-0.0347234926202511,0.0264409421753239,4.99999999998799
"KMB",0.074638829502878,17.492877046891,-17.7295890904127,-0.0347241558275362,0.0311294011471652,4.99999999997693
"KMI",0.0746400326689775,22.0619608924157,-22.3034394118044,-0.034729585443099,0.0305172432486616,4.99999999999905
"KMX",0.0746392326069938,18.0103467327948,-18.2838516692479,-0.0347258468737894,0.0269433078354325,4.9999999999823
"KO",0.0746387467279758,14.4408535250973,-14.7110726729042,-0.0347237675607188,0.0272693056116162,4.9999999999943
"KORS",0.0746396085121573,29.2479284321918,-29.4591365900002,-0.0347274625234322,0.034891832297267,4.9999999999874
"KR",0.0746394693402295,23.3753442123437,-23.6026611117193,-0.0347271387742489,0.032416397943047,4.99999999999813
"KSS",0.0745835911695274,29.9163746644033,-29.999964261139,-0.0341719758032774,0.0979130778329971,4.99999999998555
"KSU",0.0746391109945871,0.575716478873587,-0.828048771879116,-0.0347253170495458,0.0292036742286775,4.99999999999569
"L",0.0745823415011787,29.9163680084044,-29.9999513671452,-0.0341662804524344,0.0979150674063404,4.9999999999947
"LB",0.0745834233958671,27.0141722467905,-27.0969248173804,-0.0341713252394388,0.0988899624128914,4.99999997154592
"LEG",0.0746409704456454,23.6736476679887,-23.7771773068601,-0.0347330991563476,0.071130858682574,4.9999535185931
"LEN",0.0745827083591744,29.9160963787094,-29.9996811211088,-0.0341679844438709,0.0979138190422037,4.9999999999681
"LH",0.0745824338626137,29.9163915566659,-29.9999762448906,-0.0341666310261002,0.0979156436654854,4.99999999999978
"LKQ",0.0746389569752735,22.5559990518368,-22.8168860508627,-0.0347246428451679,0.0282455730357001,4.99999999998274
"LLL",0.0746386226203097,29.4929803145739,-29.6883168319839,-0.0347229883403981,0.0377246926098925,4.99999999997956
"LLY",0.0746388773498589,28.9830050861322,-29.1452437250737,-0.0347242847610291,0.0454186697439926,4.99999999947713
"LNC",0.0745827267842278,29.9163980527645,-29.9999870255659,-0.0341677210350555,0.0979190603008032,4.99999999999746
"LNT",0.0745823107571035,29.9163897408201,-29.9999740859988,-0.0341660323298635,0.0979163913310703,4.99999999999048
"LOW",0.0745825605703169,29.9163186589923,-29.9999030188337,-0.0341672936159725,0.0979144121596131,4.99999999997712
"LRCX",0.0746383510367035,26.6920099444502,-26.8344314557817,-0.0347219323042335,0.0517393220112255,4.99999949431333
"LUK",0.0746390451091597,10.9205564027284,-11.3288448356262,-0.0347250131523137,0.0180485260038951,4.99999999996587
"LUV",0.074638946673856,29.618638489309,-29.8238046306526,-0.0347244309114215,0.0359182714154309,4.99999999999861
"LVLT",0.0746387547021439,26.3033287560408,-26.4532383213115,-0.034723745199838,0.0491539294419821,4.99999998351557
"LYB",0.0746391775403181,11.6869670002918,-12.2099146031376,-0.0347256457397085,0.0140912709080095,4.99999999997172
"M",0.0745838405840088,26.8638804745386,-26.9465901163196,-0.034172457031272,0.0989582022942412,4.99999991882548
"MA",0.0746387385160533,10.0540518716898,-10.3922573716908,-0.0347236113253286,0.0217882513342146,4.99999999996895
"MAA",0.0746387494802101,7.74080010820492,-8.00098512937195,-0.0347236801406631,0.0283217351098338,4.99999999995489
"MAC",0.0746392174131017,28.6466927884265,-28.8552490820119,-0.0347260214470998,0.0353317066660054,4.99999999999551
"MAR",0.0745824347024579,29.9162497595612,-29.999835627265,-0.0341665150663607,0.0979177458759189,4.99999999997427
"MAS",0.0746388365609618,13.5002923216725,-13.7500556748671,-0.0347240113440897,0.0295040724263907,4.99999999996119
"MAT",0.0745831674839464,29.9162541290366,-29.9998406099371,-0.034170125198063,0.0979125568601837,4.9999999999896
"MCD",0.0746385394364536,10.0900746046665,-10.4631916756287,-0.0347226562900869,0.0197496152064456,4.99999999998007
"MCHP",0.0746386389482749,29.0612803033527,-29.2698609356226,-0.0347229713520708,0.0353303685284657,4.99999999998507
"MCK",0.0746394712025488,20.1224262777664,-20.3505676486419,-0.0347270488121363,0.0323000921373107,4.99999999998076
"MCO",0.0746388912848921,29.6000020189941,-29.8116548463179,-0.0347243330291738,0.0348160431719155,4.99999999996612
"MDLZ",0.0746390839339077,28.7277051575252,-28.9455935325131,-0.0347252920838905,0.0338192963839234,4.99999999998911
"MDT",0.0745814114655231,5.15589151107734,-5.22518811702526,-0.0341616851919907,0.118108855559329,4.99999980949716
"MET",0.0746393011811535,29.7754409592959,-29.9833408800564,-0.0347262251764654,0.0354449575151231,4.99999999999999
"MGM",0.0746390308594655,29.68485480822,-29.8975472929899,-0.0347247842284976,0.034647780389364,4.99999999999198
"MHK",0.0745823235284972,29.9048260780908,-29.9884059050451,-0.0341661075437607,0.097920658189395,4.99999998529943
"MKC",0.0746388135480878,25.8730566413838,-26.0987827195497,-0.0347240255545593,0.0326448078984237,4.99999999996227
"MLM",0.074582751069653,29.9163666772332,-29.9999544383595,-0.0341679414164861,0.0979171282999279,4.99999999998478
"MMC",0.0745822834631807,29.9162628184688,-29.9998464399986,-0.0341659780964097,0.0979157725439367,4.99999999998199
"MMM",0.0746386257149209,8.20741539116246,-8.46038734177424,-0.0347231043928491,0.0291291211048887,4.99999999996897
"MNST",0.0745927363774644,27.7709543281944,-27.8550005348182,-0.0343461143780949,0.0944884999357836,4.99853408434159
"MO",0.0746387707916211,28.6379519695919,-28.793286947467,-0.0347238478082995,0.0474352373418207,4.99999997315871
"MON",0.0746388865976407,5.87261258484417,-6.1390714665458,-0.0347243382906473,0.0276548143376687,4.99999999998533
"MOS",0.0745838691293205,29.9163463895492,-29.9999339409493,-0.0341735386803004,0.0979081539869144,4.99999999999344
"MPC",0.074583180726525,29.9163138228944,-29.9999027442292,-0.0341699743010027,0.0979155049099148,4.99999999998327
"MRK",0.0746389184861839,29.6040673191961,-29.7808232778088,-0.0347245090901285,0.0416890255562621,4.99999999952663
"MRO",0.0746409536292935,11.1259516448399,-11.3822380399108,-0.0347333703321434,0.0287584459291229,4.9999999999964
"MS",0.0745826945714218,29.9163032100658,-29.9998907586882,-0.0341676652113861,0.0979178306015907,4.99999999998989
"MSFT",0.074638609296263,29.2135925405871,-29.3606492203097,-0.0347232306636438,0.050111082504419,4.99999983776281
"MSI",0.0746387301298819,14.3177240735968,-14.581117367129,-0.0347235558484777,0.0279769340878544,4.99999999997502
"MTB",0.0746386613590623,27.1154323136416,-27.255009037997,-0.0347239163966852,0.052788122316404,4.9999993147361
"MTD",0.0746385612482149,22.3506694179847,-22.5914916992211,-0.0347226559449039,0.0305997594617578,4.99999999997622
"MU",0.0745832213632105,29.9161214132069,-29.9997180870158,-0.0341694690814686,0.0979257913505143,4.99999999998202
"MYL",0.0746397095765301,28.9806474411373,-29.1346833563554,-0.034728396993339,0.0478362484715091,4.99999999093277
"NAVI",0.074640278442265,29.2686756663087,-29.4072622832362,-0.0347293551251574,0.0531653581935655,4.99999961820876
"NDAQ",0.0745822859342216,29.8142520849457,-29.8978123439461,-0.0341656738108075,0.0979475859502128,4.99999998060221
"NEE",0.0746386168738304,29.6017492728666,-29.7690487938359,-0.0347230435599875,0.0440452189857132,4.99999999736681
"NEM",0.074639288456351,24.3542444187664,-24.5940277138405,-0.0347256056550612,0.0307363980570158,4.99999999998367
"NFLX",0.0745830687358438,29.9163961776571,-29.9999900377973,-0.0341689708184748,0.0979228847539554,4.99999999999272
"NFX",0.0746400582170037,29.1818986012435,-29.3600267857022,-0.0347295583114014,0.0413721299806901,4.99999999941398
"NI",0.0746373241022822,28.440823782198,-28.5625230815845,-0.0347191013686462,0.0605313870958586,4.99998582963255
"NKE",0.0745826714866216,29.9161705170104,-29.9997550830396,-0.0341678245706578,0.0979138643290097,4.99999999999514
"NLSN",0.0745827414675602,29.9163349291544,-29.9999187229013,-0.034168236738179,0.0979124437334769,4.99999999999416
"NOC",0.0745822512672466,29.5181278950874,-29.6016050107548,-0.0341662723692517,0.0980404707496631,4.9999999167553
"NOV",0.0746397665608937,16.0246363230594,-16.2648247847617,-0.0347282889573645,0.0306813446834799,4.99999999997568
"NRG",0.0746401546609705,29.4001379596108,-29.574447878756,-0.0347296554062135,0.042282844928169,4.99999999915358
"NSC",0.0745825013565407,29.9163764195334,-29.9999635334692,-0.0341667483643025,0.0979184549037062,4.99999999995805
"NTAP",0.0746390012699963,29.6163065838878,-29.8120937363211,-0.034724718417014,0.0376387314032696,4.99999999991448
"NTRS",0.0745826306516377,29.8967093958588,-29.9802893194964,-0.0341675466964459,0.0979219826938993,4.9999999989538
"NUE",0.0746390483918895,6.96021834009728,-7.31948165304324,-0.0347249252327472,0.0205119911086906,4.99999999996184
"NVDA",0.0746384889607419,29.0852315652185,-29.3248040068407,-0.0347215412601258,0.0307657029664383,4.9999999999959
"NWS",0.0746391984070164,29.170869317967,-29.3273541173983,-0.0347254401528297,0.0470915432772629,4.99999993939318
"NWSA",0.0746391606470581,14.0531694830815,-14.4479426685557,-0.0347255810697479,0.018666331926139,4.99999999996759
"NYSE.LMT",0.0745822323253604,29.916399460738,-29.999983684262,-0.0341656663872302,0.0979168255284595,4.9999999999515
"NYSE.NBL",0.0746398346819984,18.4596251051496,-18.689265789758,-0.0347285988592438,0.0320907517708066,4.99999999999638
"NYSE.NWL",0.0746390111306557,29.5930585949603,-29.7825118206908,-0.0347248499301038,0.0388962751080612,4.99999999996487
"O",0.0746388421234043,26.3912836231389,-26.613603614531,-0.0347241166859783,0.0331454595465192,4.99999999999933
"OKE",0.0746339023568809,27.7170763732395,-27.8245231881728,-0.0347004567932245,0.0684165422906567,4.99985563119881
"OMC",0.0746388424387149,29.4417757868169,-29.6388381202427,-0.0347241868817456,0.0373929426731204,4.99999999996351
"ORCL",0.074638811312015,29.7345585470257,-29.929163731161,-0.0347239646556242,0.0378657105206001,4.99999999993612
"ORLY",0.0746468863996357,26.4506501882828,-26.5539697621875,-0.0347457407237219,0.0712802036818725,4.99989028582075
"OXY",0.0746392181695843,29.2791485021035,-29.4869627588393,-0.0347259250172994,0.0354587794131451,4.99999999999048
"PAYX",0.0746372174033024,25.0681608697374,-25.182700607983,-0.0347167286095917,0.0642735420457704,4.99997435405671
"PBCT",0.0745825941356438,29.9163846928661,-29.9999686230875,-0.0341675032934646,0.0979134379204449,4.99999999998965
"PCAR",0.0746390439806674,29.4643450518992,-29.6612316217101,-0.034725055248107,0.0374272911045258,4.99999999999578
"PCG",0.074638678385166,10.9435044542539,-11.2228311448487,-0.0347233520682515,0.0263806685612061,4.99999999998835
"PCLN",0.0745824602555299,29.9163371455061,-29.9999242030084,-0.0341665507951491,0.0979187463239852,4.99999999997861
"PDCO",0.0745829312088632,29.9163443877799,-29.9999274960611,-0.0341692414662979,0.097909966900679,4.99999999999172
"PEG",0.0745825116424892,29.9163936960133,-29.9999767329104,-0.0341671640312961,0.097913173730822,4.9999999999878
"PEP",0.0746388318226959,29.8131113498666,-29.9636604277194,-0.0347242999342655,0.0489433552182081,4.99999998709545
"PFE",0.0746389594502219,0.488356164743121,-0.932261631058722,-0.0347247661605069,0.0165996993397014,4.99999999998845
"PFG",0.0746390024547935,26.9978407966371,-27.2865426552009,-0.0347247846520494,0.0255247307434142,4.9999999999973
"PG",0.0746387067325984,11.5349102865176,-11.7674236709048,-0.0347235378588806,0.0316916493368759,4.9999999999575
"PGR",0.0745821759021607,29.9161254530195,-29.9997099542619,-0.0341653526115018,0.0979178786334757,4.99999999997788
"PH",0.0746387793599554,24.9551380850048,-25.265213380013,-0.0347237589214564,0.0237651925772743,4.9999999999629
"PHM",0.0745826449599063,29.9163904313413,-29.9999767812832,-0.034167539880644,0.0979161325049136,4.9999999999865
"PKG",0.074638809449479,24.7174162912224,-24.9439321466421,-0.0347238181264454,0.0325326274088378,4.99999999996085
"PKI",0.0745824830138986,29.9162545090411,-29.9998396632452,-0.0341668463448572,0.0979157036567259,4.99999999997796
"PLD",0.0746387045595263,27.90328496771,-28.1272392712122,-0.0347233914847457,0.0329040189648395,4.99999999998497
"PM",0.0746386605857591,29.1980462332603,-29.4043023456475,-0.0347232722873962,0.0357266190341805,4.99999999999837
"PNC",0.0745823721542138,29.9158762754068,-29.9994614052155,-0.034166263022232,0.0979166909104258,4.99999999995244
"PNR",0.0746390856923064,29.7246406905135,-29.924125806413,-0.0347252442304476,0.0369397245814421,4.99999999996292
"PNW",0.0745822722935099,29.9161987876953,-29.9997830378761,-0.0341658615320987,0.0979166765961041,4.9999999999856
"PPG",0.0746389850953283,29.1252936279123,-29.3007256067154,-0.0347248617691655,0.0420031675636531,4.99999999902959
"PPL",0.0745824210976027,29.9163574541991,-29.9999407477481,-0.0341666834745561,0.0979142809210341,4.99999999998254
"PRGO",0.07458381723513,29.9163202087424,-29.9999054921244,-0.0341734767937389,0.0979057328693847,4.99999999999175
"PRU",0.0746389794876633,11.7154972579595,-12.1214235266816,-0.0347246766688696,0.018153696610531,4.9999999999935
"PSA",0.0745826518504867,29.9163552474738,-29.9999383248188,-0.0341678479220247,0.097912155196341,4.99999999999672
"PSX",0.0746390182717865,4.01241774853592,-4.3221119774033,-0.0347249765490578,0.0237939159938771,4.99999999999469
"PVH",0.0746392517759101,11.3974962084787,-11.7738106809618,-0.0347258757433342,0.0195827084585623,4.99999999999013
"PWR",0.0746389825176721,29.6514747909154,-29.8340027869408,-0.0347244693865049,0.0403743252184271,4.9999999997416
"PX",0.0746388048615828,18.2977804849032,-18.7562930758114,-0.0347239955827471,0.0160710325820306,4.99999999997115
"PXD",0.0745830771631096,29.9163555858255,-29.9999453071242,-0.0341693970291238,0.097917275582624,4.99999999997735
"PYPL",0.0746389904204251,29.4023398665028,-29.5485750808464,-0.034725088575577,0.0503897100989225,4.99999987496563
"QCOM",0.0745829776769859,29.9163176503164,-29.9999033415527,-0.0341692459090523,0.0979127854529336,4.99999999999748
"QRVO",0.0746373651579944,26.7278170577978,-26.8413220842395,-0.0347181706307924,0.0649377643994882,4.99997955441898
"RCL",0.0746391298888876,29.5483868136262,-29.7386123009668,-0.0347252310589787,0.0387400708937025,4.99999999986399
"RE",0.0746385986138122,29.4258172394016,-29.6306848475915,-0.0347229684497821,0.0359689068460436,4.99999999998602
"REG",0.0746388978581143,12.1223266437654,-12.4752730236715,-0.0347244433890515,0.0208779025859079,4.99999999998635
"REGN",0.0745833473939482,29.9162095321638,-29.9997979284052,-0.034170883079334,0.0979133495055931,4.99999999997847
"RF",0.0745826516471866,29.9163878320286,-29.9999766612453,-0.0341673434915412,0.0979197877341292,4.99999999999409
"RHI",0.0746393435763849,29.5993728043749,-29.7884790199644,-0.0347264903962265,0.0389669702917276,4.9999999999472
"RHT",0.0746389374012643,16.6767418874858,-16.9151526201043,-0.0347244761046169,0.0309091683756539,4.99999999997364
"RJF",0.0745825358814272,29.9164064068886,-29.9999938869126,-0.03416688825221,0.0979186099623026,4.99999999998697
"RL",0.0746396628745137,17.132662894599,-17.3808755252273,-0.0347278522312087,0.0296889780984753,4.99999999999699
"RMD",0.0746388006401666,15.9114669005903,-16.1439056034204,-0.034723860899969,0.0317028796567744,4.99999999999181
"ROK",0.0746387491280005,12.1388085788248,-12.42719877992,-0.034723610224503,0.0255521930703457,4.99999999999633
"ROP",0.074638240863872,27.979398648716,-28.1240627159393,-0.0347218786858398,0.050932678178522,4.99999975019979
"ROST",0.0745826627245214,29.9163396452922,-29.9999239830803,-0.0341678101124755,0.0979136125678167,4.99999999998253
"RRC",0.0745844016735272,11.0756062922822,-11.1511055438219,-0.0341755175034437,0.108413046172722,4.99999985939722
"RSG",0.0745821730414805,29.9163076157631,-29.999891522641,-0.0341653934044096,0.0979169982209025,4.99999999998102
"RTN",0.0746385449426572,29.8260507921548,-29.9841865801269,-0.0347226212452433,0.0465986508156639,4.99999999791207
"SBUX",0.0746389997109551,23.5646831416224,-23.8010542724321,-0.034724935800473,0.0311745451387357,4.99999999999858
"SCG",0.0746388722143069,19.2924885808348,-19.5772493849142,-0.0347242976776253,0.0258771855164546,4.99999999999719
"SCHW",0.0746391403654555,29.4665122865372,-29.6556262315246,-0.0347253454484033,0.0389671024202734,4.99999999995807
"SEE",0.074639200140954,29.5456748644542,-29.7479590402381,-0.034725851704959,0.0364279659314342,4.99999999996963
"SHW",0.0746388755683809,29.6662700308204,-29.8255807838278,-0.034724095731655,0.0462562186771211,4.99999998281256
"SIG",0.0745837540297053,29.9123631222412,-29.9959477757569,-0.0341730912244342,0.0979086438330085,4.99999999965005
"SJM",0.0746388436855226,17.7966003854664,-18.0346512073549,-0.0347241555909551,0.03095471883959,4.99999999999369
"SLB",0.0746392063682802,28.5219372620619,-28.6870741756496,-0.0347259966089089,0.0446211506599406,4.99999999592289
"SLG",0.0746391165781457,28.5779823704392,-28.7885163206811,-0.034725459174004,0.0350004985576418,4.99999999996611
"SNA",0.0745827575105835,6.30251578397852,-6.37344315376322,-0.0341689987677957,0.115356593204522,4.99999974401173
"SNI",0.0746388567825968,11.480558416059,-11.7131406943144,-0.0347239927384761,0.0316845695428998,4.99999999998566
"SNPS",0.0745822819154608,29.9162528418926,-29.9998381421526,-0.034165823508937,0.0979175294058875,4.99999999999994
"SO",0.0746392521036127,27.9225998421564,-28.0661375267189,-0.0347254149762617,0.0513354381080165,4.99999975135071
"SPG",0.0745827376647571,29.9163992476143,-29.999981600092,-0.0341683559622752,0.0979102386951519,4.99999999999269
"SPGI",0.0745822320906587,29.8615186629811,-29.9450942656201,-0.0341655407179391,0.0979303978275863,4.99999996743516
"SPLS",0.0746395632935688,15.383785374945,-15.7868412256793,-0.0347274320057577,0.0182830475677803,4.99999999997043
"SRCL",0.0746397242836087,27.8016972594653,-28.2189112689917,-0.0347283213035849,0.0176620666991222,4.99999999997518
"SRE",0.0746379801113362,24.6089017414265,-24.734445732642,-0.0347186978735057,0.0587256506087066,4.99999963134285
"STI",0.0746389095117985,10.6690475482029,-10.9794945244145,-0.0347243193375745,0.0237370953645257,4.99999999998962
"STT",0.0746389884489616,29.6474971988173,-29.8306683819554,-0.0347247149298596,0.0402304541500132,4.99999999951878
"STX",0.0745840041570964,29.9161122855401,-29.9997066259321,-0.0341736209240242,0.0979161157514412,4.99999999999709
"STZ",0.0745823051345705,29.9164019142394,-29.9999883365117,-0.0341658437786302,0.0979189942317694,4.99999999998533
"SWK",0.0746387282152349,28.7025120015264,-28.9151046076443,-0.0347235728664718,0.0346619639409252,4.9999999999997
"SWKS",0.0746393801370652,26.7475735743645,-27.0002118517216,-0.0347263916676009,0.0291698678599227,4.99999999998846
"SYF",0.0746392962202718,18.0752364495032,-18.4840357298553,-0.0347262266569656,0.0180259217243396,4.99999999998767
"SYK",0.0745820165554668,29.8498021103539,-29.9333685018532,-0.0341651256638865,0.0979333051323187,4.99999998728668
"SYMC",0.0746389035907793,25.8185509374801,-26.038119223264,-0.0347242938327506,0.0335618528773574,4.99999999999002
"SYY",0.0746387109825961,9.06513223316824,-9.30382033240168,-0.0347234940489235,0.0308723286169516,4.99999999998651
"T",0.0746387611144786,11.6507489169528,-11.8979696603647,-0.0347238234052949,0.0298062201637459,4.9999999999892
"TAP",0.0746388968801466,21.7050443528564,-22.0359615917203,-0.0347243344845267,0.0222683659238009,4.99999999997587
"TEL",0.0746388081688128,29.7733266378173,-29.9611199048145,-0.0347238919359535,0.0392395164644699,4.99999999982783
"TGT",0.0746393101470368,19.2155132689459,-19.4925472622711,-0.0347264182324354,0.0265986409326498,4.99999999999294
"TIF",0.0745827271301858,29.916308933542,-29.9998935574871,-0.0341680953487446,0.0979134088454469,4.99999999999161
"TJX",0.0745826088538798,29.9162871420894,-29.9998705076455,-0.0341676202798099,0.0979128263477068,4.99999999999986
"TMK",0.074638723391663,12.1786603516577,-12.5372408922014,-0.0347235722817228,0.0205499638403617,4.99999999999293
"TMO",0.0746387713910574,5.14281985718823,-5.40474584882832,-0.0347237711140942,0.0281334894291965,4.99999999999707
"TRIP",0.074657660852864,27.358854036165,-27.4568061826793,-0.0348242458206323,0.0754616957318756,4.99974953246141
"TROW",0.074582840485569,8.54073927743926,-8.61412423314269,-0.0341688043529745,0.111528316471792,4.99999993864296
"TRV",0.0746387108743656,10.1818606271094,-10.4988515334523,-0.034723539688232,0.0232460432345006,4.9999999999841
"TSCO",0.0746395320086298,14.2856511024789,-14.5993565486231,-0.0347274549020974,0.0234893538662718,4.99999999996936
"TSN",0.0745824337635631,29.916183732585,-29.9997714907365,-0.0341663571783677,0.0979198742146742,4.99999999999054
"TSS",0.0746387177373889,29.7640775223932,-29.9197408061988,-0.0347233841080568,0.0473392365765899,4.99999995876864
"TWX",0.0746386028776208,29.5950039648391,-29.7464732512672,-0.0347230268286462,0.0486486548278933,4.9999999856234
"TXN",0.0746386882079469,14.3437942241426,-14.5981412051833,-0.0347232846497683,0.0289725110720098,4.99999999999475
"TXT",0.0745826260787902,29.9163769756542,-29.9999626311786,-0.0341675109006112,0.0979155755095984,4.99999999998198
"UA",0.0745843097495718,29.915709326757,-29.9992945654463,-0.0341759347690494,0.097902483374509,4.9999999983884
"UAA",0.0746383906846596,29.6701795128981,-29.7928249023891,-0.034729307567711,0.0600645300008026,4.99999622587801
"UAL",0.0745829401783412,29.9163811093753,-29.9999705681676,-0.0341687375521751,0.0979179208049374,4.99999999998498
"UDR",0.0746388591866673,29.7524419571812,-29.9587882418874,-0.0347242193038847,0.0357110077526324,4.99999999999502
"UHS",0.0746393899381309,13.1318761002413,-13.3974111623335,-0.0347267007383378,0.027751191975093,4.99999999992412
"ULTA",0.0745825686991951,29.9163205789389,-29.9999087191018,-0.0341669979415069,0.0979193749266311,4.999999999998
"UNH",0.0746386140535605,26.5467883092712,-26.8154780403829,-0.0347229600517861,0.0274257041153418,4.99999999995864
"UNM",0.074638837132864,20.4976597977501,-20.7220041955909,-0.034723966540355,0.0328473046097789,4.99999999997829
"UNP",0.0746389357174559,28.7525120818333,-28.958235117488,-0.0347245605397582,0.0358194885251773,4.99999999999644
"UPS",0.0746388039242135,16.4125794176459,-16.7082238348581,-0.0347240288313779,0.0249242070358775,4.9999999999914
"URI",0.0746393692659966,29.7887723997166,-29.9856161084625,-0.0347260607985918,0.0374406575435835,4.99999999998878
"USB",0.0745824734990451,29.9164093879057,-29.9999933865008,-0.0341668826205019,0.0979146220215677,4.99999999999798
"UTX",0.0745824017934743,29.9162703048909,-29.9998534305262,-0.0341666084805215,0.0979142451980285,4.99999999997839
"V",0.0746387368433717,29.7510623550163,-29.9229712483017,-0.0347235854674436,0.0428648422005218,4.99999999920671
"VAR",0.0745825434727336,29.9162813696368,-29.9998655147396,-0.0341672151019214,0.0979145022508117,4.99999999998316
"VFC",0.0746392149747319,18.7866421145371,-19.0149997025359,-0.0347259253016238,0.0322687840054943,4.99999999998249
"VIAB",0.0745834713154953,29.9163271409886,-29.9999156443308,-0.0341714589153313,0.0979128011561117,4.9999999999962
"VLO",0.0746392652343109,19.7701702070223,-20.0252445368334,-0.0347260243295617,0.0288898661685269,4.99999999997957
"VMC",0.074634593544331,27.3243186491826,-27.4464264238535,-0.0347031597564123,0.0603049613185524,4.99999899350237
"VNO",0.0746391758483537,21.9251863108096,-22.1741505517983,-0.0347257503443368,0.0295977817367276,4.9999999999977
"VRSK",0.0746388987183981,29.6485772788816,-29.8423910451935,-0.0347244239340241,0.0380198533154346,4.999999999945
"VRSN",0.074582395869969,29.9162313888104,-29.9998169740965,-0.0341663575936544,0.0979171996573343,4.99999999997825
"VRTX",0.0745834267837602,29.9162427730881,-29.9998362562061,-0.0341707936987602,0.0979195316944489,4.99999999999864
"VTR",0.0746390678118544,7.20675288299303,-7.7177898733753,-0.0347251867306981,0.0144194498485609,4.99999999999704
"VZ",0.0746387434444351,29.6587982739877,-29.8230306827953,-0.0347238704026488,0.0448661557402505,4.99999999207242
"WAT",0.0746390199216011,26.8753961168562,-27.0149468593298,-0.0347257256695675,0.0527935255945745,4.99999971811984
"WBA",0.0746391005520602,29.8305101896735,-29.9949286314733,-0.0347254893675644,0.044815970376453,4.99999999586018
"WDC",0.0746393252024356,22.4424945018627,-22.5650237896412,-0.0347282232077517,0.0601458732412833,4.99999937835422
"WEC",0.0745823603100866,29.9163396890869,-29.9999233191737,-0.0341663583313916,0.0979151382196202,4.99999999998025
"WFC",0.0745827294313293,29.9164137631606,-29.9999972049814,-0.0341682217815528,0.0979117762781146,4.99999999998673
"WFM",0.0745828849016769,29.9163381395053,-29.9999262303082,-0.0341685701193264,0.0979169035026189,4.99999999999277
"WHR",0.0745827453925497,29.9148159741998,-29.9984007714872,-0.0341682004469169,0.0979121240792019,4.99999999891866
"WLTW",0.0745824430301927,29.9162134138015,-29.9997976533425,-0.0341667065497136,0.0979155150864707,4.99999999999467
"WM",0.0746385485816851,29.6669276407262,-29.8523100068595,-0.0347227524971926,0.0397491775365435,4.99999999964173
"WMB",0.0746411998791096,11.5294823813851,-11.8962841232757,-0.0347343575983503,0.0200946246546232,4.99999999999158
"WMT",0.0745824830732797,18.3798221757503,-18.4594362506353,-0.0341664274962639,0.102802961146724,4.99999996616551
"WRK",0.0746393504431899,29.8089477992477,-29.9794515216735,-0.0347264564644843,0.04321923142484,4.9999999970688
"WU",0.0746390389491624,29.4271797085026,-29.6267206024145,-0.0347251000633005,0.0369286322552836,4.99999999998015
"WY",0.0745827488811174,29.9159400537959,-29.9995249152268,-0.0341680745913523,0.0979150323160828,4.99999999880176
"WYN",0.0746391678663229,29.1525213733295,-29.3074043057359,-0.0347253860818568,0.0475774312410597,4.99999999901003
"WYNN",0.0746398814453511,9.71386190107828,-10.1138138489642,-0.0347284268194611,0.0184274106827317,4.99999999999489
"XEC",0.0746395714443568,29.6755342915765,-29.8436033713733,-0.0347273166112723,0.0438458178923655,4.99999999972331
"XEL",0.0746386478726429,29.7772607334417,-29.9695915006671,-0.0347232091487072,0.038313381395581,4.99999999992204
"XL",0.0746384703020697,15.058310273301,-15.2962877593785,-0.0347222917620273,0.0309650429922916,4.99999999998575
"XLNX",0.0746342463998743,27.2469698055766,-27.3293116899662,-0.0345969406297485,0.0929659435789897,4.99865835467047
"XOM",0.0746389290611179,8.71335515835819,-8.99084746066714,-0.0347245940267799,0.0265548543364526,4.99999999998738
"XRAY",0.0746389649125737,24.4924969483274,-24.7721891207689,-0.0347247726845073,0.0263459016500452,4.99999999998113
"XRX",0.0746394512252496,19.8374759176945,-20.1941282393933,-0.0347269611491172,0.0206615174644435,4.99999999999851
"XYL",0.074638424242095,29.2121461626245,-29.3719971930069,-0.0347220481251887,0.0460972695214799,4.99999999057867
"YUM",0.0746391831436206,6.82608815520906,-7.05287674872587,-0.0347255984572813,0.0324935520052821,4.99999999996954
"ZBH",0.0745827000528477,16.6600310893285,-16.7388443619405,-0.0341678949742671,0.103841692106705,4.99999997340712
"ZION",0.0746389274426737,4.75930829867232,-5.02005018527899,-0.0347243078989509,0.028262766713376,4.99999999999715
"ZTS",0.0746388478024769,29.785971600991,-29.9841567369753,-0.0347241080715161,0.0371820970369331,4.99999999998776
